"","id","attr","weak_membership","in_largest_weak","strong_membership","in_largest_strong","total_degree","weighted_degree","closeness","binarized_betweenness","betweenness","bonpow","bonpow_negative","eigen_centrality","component","burt_constraint","burt_hierarchy","effective_size","reachability","in_largest_bicomponent","health_weak_membership","health_in_largest_weak","health_strong_membership","health_in_largest_strong","health_total_degree","health_weighted_degree","health_closeness","health_binarized_betweenness","health_betweenness","health_bonpow","health_bonpow_negative","health_eigen_centrality","health_component","health_burt_constraint","health_burt_hierarchy","health_effective_size","health_reachability","health_in_largest_bicomponent","social_weak_membership","social_in_largest_weak","social_strong_membership","social_in_largest_strong","social_total_degree","social_weighted_degree","social_closeness","social_binarized_betweenness","social_betweenness","social_bonpow","social_bonpow_negative","social_eigen_centrality","social_component","social_burt_constraint","social_burt_hierarchy","social_effective_size","social_reachability","social_in_largest_bicomponent","social_bicomponent_id"
"1",0,"1020720001001",1,TRUE,1,TRUE,7,7,21.3739579048403,84.75,84.75,0.998657405058678,1.17599856990629,3.58421855570555e-10,1,0.465104560342656,0.446624520885143,4.71428571428571,0.909090909090909,NA,1,TRUE,1,TRUE,2,2,11.3854256854257,106,106,0.408321636216589,0.658981872294069,0.0146719370495917,1,0.5,0,2,0.363636363636364,NA,1,TRUE,1,TRUE,5,5,13.5080732992498,15.8,15.8,2.01559005237425,1.45592469033899,4.67918282357354e-06,1,0.501911111111111,0.383179096364996,3.4,0.428571428571429,NA,NA
"2",1,"1020720002001",1,TRUE,1,TRUE,5,5,19.7903122977813,39.75,39.75,0.667482996939815,0.883155777794372,1.27017030509584e-10,1,0.52,0.616486125397139,5,0.909090909090909,NA,1,TRUE,1,TRUE,2,2,9.83098568098568,54,54,0.339798368460936,0.766896009328847,0.00358714980715736,1,0.5,0,2,0.363636363636364,NA,1,TRUE,1,TRUE,3,3,12.7389146800912,24,24,1.18575861344475,0.83576010339659,3.06037509165522e-06,1,0.555555555555556,0.544514084996405,3,0.428571428571429,NA,NA
"3",2,"1020720004001",1,TRUE,1,TRUE,4,4,22.3861124169948,4465.25,4465.25,0.86192402404796,1.00784916142837,2.70405250316787e-10,1,0.741829473558971,0.349258234875842,-0.666666666666667,0.909090909090909,NA,13,FALSE,13,FALSE,0,0,0,0,0,NA,NA,NA,NA,1,1,0,0.00649350649350649,NA,1,TRUE,1,TRUE,4,4,14.4639146800912,744,744,2.10694117378738,1.28969533733346,5.0936279688512e-06,1,0.673511111111111,0.23470336136277,1.6,0.428571428571429,NA,NA
"4",3,"1020720005001",1,TRUE,1,TRUE,4,4,21.5294612207538,4524.25,4524.25,0.47447347344533,0.77784247385901,5.66957255355381e-11,1,0.423611111111111,0.318620061258754,3.5,0.909090909090909,NA,1,TRUE,1,TRUE,1,1,8.13423243423243,0,0,0.176635996273978,0.34579011993804,0.000830063433001904,1,1,1,1,0.363636363636364,NA,1,TRUE,1,TRUE,3,3,14.4074286824287,846.2,846.2,0.9828764688922,1.02398077556794,3.61257623660951e-06,1,0.382222222222222,0.0143655052906032,2.66666666666667,0.428571428571429,NA,NA
"5",4,"1020720006001",1,TRUE,1,TRUE,4,4,22.3750328446923,4675,4675,0.472998004246663,0.636219956752729,6.990585068035e-13,1,0.375,0.374185416306089,4,0.909090909090909,NA,12,FALSE,12,FALSE,1,1,1,0,0,0.149550732210133,0.398270734683794,0.707106781186547,2,1,1,1,0.012987012987013,NA,1,TRUE,1,TRUE,3,3,16.2087162837163,1100,1100,0.843276926757187,0.722497197993705,2.6722826291773e-05,1,0.333333333333333,0,3,0.428571428571429,NA,NA
"6",5,"1020720007001",1,TRUE,1,TRUE,2,2,21.0316551826227,4488,4488,0.216463201843534,0.402903811840275,6.1330892794176e-12,1,0.5,0,2,0.909090909090909,NA,14,FALSE,14,FALSE,0,0,0,0,0,NA,NA,NA,NA,1,NA,0,0.00649350649350649,NA,1,TRUE,1,TRUE,2,2,14.4713647463647,874,874,0.531844230148851,0.706823422772739,7.15736074732397e-06,1,0.5,0,2,0.428571428571429,NA,NA
"7",6,"1020720008001",1,TRUE,1,TRUE,3,3,15.9789691475672,138,138,0.402406048363666,0.794887535000636,2.94213188459637e-17,1,1.0696875,0.337967457787444,1.25,0.909090909090909,NA,8,FALSE,8,FALSE,1,1,1.5,0,0,0.171741604298657,0.339173899787979,0.5,3,1,1,1,0.0194805194805195,NA,5,FALSE,5,FALSE,2,2,3,3,3,0.576774571841996,1.09896718008538,0.324084871380684,2,1.18518518518519,0.210309917857152,1.33333333333333,0.0324675324675325,NA,NA
"8",7,"1020720009001",1,TRUE,1,TRUE,3,3,15.8123024809005,0,0,0.299191211563513,0.599164297233809,1.83297929785831e-18,1,0.84641975308642,0.402843444843848,1.66666666666667,0.909090909090909,NA,15,FALSE,15,FALSE,0,0,0,0,0,NA,NA,NA,NA,1,NA,0,0.00649350649350649,NA,5,FALSE,5,FALSE,3,3,2.83333333333333,0,0,0.672090388370805,0.999253545362881,0.561952207212263,2,0.91358024691358,0.417819272990212,1.66666666666667,0.0324675324675325,NA,NA
"9",8,"1020720010001",1,TRUE,1,TRUE,3,3,15.8123024809005,0,0,0.299191211563513,0.599164297233809,6.01880436495224e-17,1,0.84641975308642,0.402843444843848,1.66666666666667,0.909090909090909,NA,16,FALSE,16,FALSE,0,0,0,0,0,NA,NA,NA,NA,1,NA,0,0.00649350649350649,NA,5,FALSE,5,FALSE,3,3,2.83333333333333,0,0,0.672090388370805,0.999253545362881,0.561952207212263,2,0.91358024691358,0.417819272990212,1.66666666666667,0.0324675324675325,NA,NA
"10",9,"1020720011001",1,TRUE,1,TRUE,2,2,17.8749095824234,0,0,0.214057934559807,0.372649776071348,1.88263236922635e-16,1,0.750625,0.00120107807386441,1,0.909090909090909,NA,17,FALSE,17,FALSE,0,0,0,0,0,NA,NA,NA,NA,1,NA,0,0.00649350649350649,NA,1,TRUE,1,TRUE,2,2,12.3743617493617,0,0,0.622467877802986,0.567868910698684,7.41166911915361e-05,1,0.78125,0,1,0.428571428571429,TRUE,"30"
"11",10,"1020720011002",1,TRUE,1,TRUE,1,1,13.527099872254,0,0,0.102515009584965,0.194410817242278,3.8852145198477e-17,1,1,1,0,0.909090909090909,NA,18,FALSE,18,FALSE,0,0,0,0,0,NA,NA,NA,NA,1,NA,0,0.00649350649350649,NA,5,FALSE,5,FALSE,1,1,2.16666666666667,0,0,0.208562740280189,0.314911722712352,0.11209278032774,2,1,1,0,0.0324675324675325,NA,NA
"12",11,"1020720011003",1,TRUE,1,TRUE,5,5,19.1582429157567,544,544,0.504599620500626,0.987541838438848,3.63341504366504e-17,1,0.512222222222222,0.246805677854448,3.4,0.909090909090909,NA,8,FALSE,8,FALSE,2,2,2,1,1,0.305420025240989,0.813368520783675,0.707106781186547,3,0.5,0,2,0.0194805194805195,NA,5,FALSE,5,FALSE,3,3,3.5,4,4,0.658202173157216,0.978749295936162,0.500822961094131,2,0.814814814814815,0.0178794274869194,1.33333333333333,0.0324675324675325,NA,NA
"13",12,"1020720012001",1,TRUE,1,TRUE,4,4,20.4909670502917,205.333333333334,205.333333333334,0.408138327339042,0.79847895788239,1.35291695567247e-15,1,0.423125,0.0591125566287163,3,0.909090909090909,NA,19,FALSE,19,FALSE,0,0,0,0,0,NA,NA,NA,NA,1,NA,0,0.00649350649350649,NA,1,TRUE,1,TRUE,4,4,14.7604367854368,129.333333333333,129.333333333333,1.18154458107517,1.28624256061396,0.0001277500903651,1,0.4384375,0.0535697115858962,3,0.428571428571429,TRUE,"30"
"14",13,"1020720012002",1,TRUE,1,TRUE,3,3,20.5825615668862,2938,2938,0.322139005761073,0.570701264138978,4.61102554605982e-16,1,0.431111111111111,0.0122336741041929,2.33333333333333,0.909090909090909,NA,20,FALSE,20,FALSE,0,0,0,0,0,NA,NA,NA,NA,1,NA,0,0.00649350649350649,NA,1,TRUE,1,TRUE,3,3,14.8520313020313,1014,1014,0.889214416523386,0.907649547296662,0.000360281723800247,1,0.444722222222222,0.0155693333310944,2.33333333333333,0.428571428571429,TRUE,"30"
"15",14,"1020720013001",1,TRUE,1,TRUE,5,5,21.7639829233076,791.249999999997,791.249999999997,0.509321039854329,0.99308308396557,7.87548489994973e-16,1,0.375977777777778,0.0436570806823857,3.8,0.909090909090909,NA,8,FALSE,8,FALSE,1,1,1.5,0,0,0.171741604298657,0.339173899787979,0.5,3,1,1,1,0.0194805194805195,NA,1,TRUE,1,TRUE,4,4,14.9501193251193,98.2500000000001,98.2500000000001,1.17594175674316,1.27493567760414,0.000186382414721367,1,0.524965277777778,0.0311040754516092,2.5,0.428571428571429,TRUE,"30"
"16",15,"1020720014001",1,TRUE,1,TRUE,5,5,22.1898208139358,3478.91666666668,3478.91666666668,0.522492943091649,0.982673127048839,5.01440413263992e-15,1,0.395477777777778,0.0165096520017306,3.4,0.909090909090909,NA,21,FALSE,21,FALSE,0,0,0,0,0,NA,NA,NA,NA,1,NA,0,0.00649350649350649,NA,1,TRUE,1,TRUE,5,5,16.1968725718726,976.416666666667,976.416666666667,1.61722903935956,1.54446844907724,0.000227805469911907,1,0.405277777777778,0.0117827002051236,3.4,0.428571428571429,TRUE,"30"
"17",16,"1020720015001",1,TRUE,1,TRUE,4,4,21.3840664693438,1723.41666666667,1723.41666666667,0.448092002774565,0.739836787066004,2.23002851491812e-14,1,0.631319444444444,0.281546621729886,2,0.909090909090909,NA,22,FALSE,22,FALSE,0,0,0,0,0,NA,NA,NA,NA,1,NA,0,0.00649350649350649,NA,1,TRUE,1,TRUE,4,4,15.5548701298701,442.666666666667,442.666666666667,1.50250520292635,1.1012144530855,0.000145552583711893,1,0.64125,0.286155034534893,2,0.428571428571429,TRUE,"30"
"18",17,"1020720016001",1,TRUE,1,TRUE,4,4,21.3840664693438,1723.41666666667,1723.41666666667,0.448092002774565,0.739836787066004,2.2237472891582e-14,1,0.631319444444444,0.281546621729886,2,0.909090909090909,NA,23,FALSE,23,FALSE,0,0,0,0,0,NA,NA,NA,NA,1,NA,0,0.00649350649350649,NA,1,TRUE,1,TRUE,4,4,15.5548701298701,442.666666666667,442.666666666667,1.50250520292635,1.1012144530855,0.000145552583711922,1,0.64125,0.286155034534893,2,0.428571428571429,TRUE,"30"
"19",18,"1020720017001",1,TRUE,1,TRUE,3,3,19.9520724511874,189.309523809523,189.309523809523,0.339773816967126,0.571163483736791,4.38030825383375e-15,1,0.333333333333333,0,3,0.909090909090909,NA,24,FALSE,24,FALSE,0,0,0,0,0,NA,NA,NA,NA,1,NA,0,0.00649350649350649,NA,1,TRUE,1,TRUE,3,3,14.4257908757909,106.916666666667,106.916666666667,0.927667001528741,0.852663364733822,5.31450661680543e-05,1,0.333333333333333,0,3,0.428571428571429,TRUE,"30"
"20",19,"1020720018001",1,TRUE,1,TRUE,6,6,23.1267964620519,4262.30952380952,4262.30952380952,0.66549721554525,1.18893991489509,1.58486092415491e-13,1,0.291666666666667,0.176384094124971,5.33333333333333,0.909090909090909,NA,12,FALSE,12,FALSE,1,1,1,0,0,0.149550732210133,0.398270734683794,0.707106781186547,2,1,1,1,0.012987012987013,NA,1,TRUE,1,TRUE,5,5,17.2095820845821,1096.41666666667,1096.41666666667,1.60288136283981,1.57787210426202,9.79922088130578e-05,1,0.3,0.0503859272825185,4.2,0.428571428571429,TRUE,"30"
"21",20,"1020720018002",1,TRUE,1,TRUE,2,2,17.309526108641,0.142857142857143,0.142857142857143,0.236799404066245,0.377040494701726,4.32523411866372e-15,1,0.5,0,2,0.909090909090909,NA,25,FALSE,25,FALSE,0,0,0,0,0,NA,NA,NA,NA,1,NA,0,0.00649350649350649,NA,1,TRUE,1,TRUE,2,2,12.2237207237207,0.25,0.25,0.615955256398953,0.569693155058545,2.30036008819759e-05,1,0.5,0,2,0.428571428571429,TRUE,"30"
"22",21,"1020720019001",1,TRUE,1,TRUE,5,5,20.9189010791784,292.166666666667,292.166666666667,0.600609860562001,0.868388070960627,2.04350800973785e-14,1,0.3225,0.335888515465894,4.2,0.909090909090909,NA,7,FALSE,7,FALSE,1,1,2,0,0,0.22916976248503,0.222996510083173,0.288675134594813,4,1,1,1,0.025974025974026,NA,1,TRUE,1,TRUE,4,4,15.3563714063714,117.916666666667,117.916666666667,1.15965118584839,1.2752412813865,4.87486600855658e-05,1,0.28515625,0.0153370681241565,3.75,0.428571428571429,TRUE,"30"
"23",22,"1020720021001",1,TRUE,1,TRUE,7,7,17.9761927753077,138.571428571429,138.571428571429,0.934214189899938,1.56540160406487,1.12499831959887e-14,1,0.84830078125,0.483150159764865,3.625,0.909090909090909,NA,7,FALSE,7,FALSE,4,4,3,3,3,0.708796980453273,1.62940168645737,0.707106781186548,4,0.375,0.374185416306089,4,0.025974025974026,NA,1,TRUE,1,TRUE,3,3,12.8903873903874,64.25,64.25,1.0684395091169,1.30420906675025,3.2473025353079e-05,1,0.765625,0.216807491063136,2.25,0.428571428571429,TRUE,"30"
"24",23,"1020720022001",1,TRUE,1,TRUE,5,5,20.9189010791784,292.166666666667,292.166666666667,0.600609860562001,0.868388070960626,1.99148798950199e-14,1,0.3225,0.335888515465894,4.2,0.909090909090909,NA,7,FALSE,7,FALSE,1,1,2,0,0,0.22916976248503,0.222996510083173,0.288675134594813,4,1,1,1,0.025974025974026,NA,1,TRUE,1,TRUE,4,4,15.3563714063714,117.916666666667,117.916666666667,1.15965118584839,1.2752412813865,4.87486600855537e-05,1,0.28515625,0.0153370681241565,3.75,0.428571428571429,TRUE,"30"
"25",24,"1020720023001",1,TRUE,1,TRUE,3,3,14.848720408045,0,0,0.435407485223845,0.397978007652629,3.39762383671868e-15,1,1.265625,1,0,0.909090909090909,NA,7,FALSE,7,FALSE,2,2,2,0,0,0.45833952497006,0.445993020166346,0.577350269189626,4,1,1,2,0.025974025974026,NA,1,TRUE,1,TRUE,1,1,10.147952047952,0,0,0.292420650270882,0.279905859260593,7.66171329957361e-06,1,1,1,0,0.428571428571429,NA,NA
"26",25,"1020720024001",2,FALSE,2,FALSE,2,2,2.61666666666667,0,0,0.241658361312947,0.326164486535791,0.103191873554588,2,1.77777777777778,1,-2,0.0454545454545455,NA,5,FALSE,5,FALSE,1,1,2.61666666666667,0,0,0.210909571968087,0.308758069412792,0.177949449931147,5,1,1,0,0.0454545454545455,NA,6,FALSE,6,FALSE,1,1,1.5,0,0,0.191603238501485,0.297551354829939,0.408248290463863,3,1,1,0,0.0194805194805195,NA,NA
"27",26,"1020720025001",2,FALSE,2,FALSE,4,4,4.33333333333333,11,11,0.433421446449555,0.752106860606833,0.193770552115503,2,0.680555555555555,0.389715127724788,1.5,0.0454545454545455,NA,5,FALSE,5,FALSE,3,3,4.33333333333333,11,11,0.58356750587472,1.03769023817432,0.456341972187895,5,0.558641975308642,0.045494069536942,2.33333333333333,0.0454545454545455,NA,6,FALSE,6,FALSE,1,1,1.5,0,0,0.191603238501485,0.297551354829939,0.408248290463863,3,1,1,0,0.0194805194805195,NA,NA
"28",27,"1020720026001",2,FALSE,2,FALSE,4,4,3.58333333333333,5,5,0.630924071956027,1.18579487001677,0.234095936153016,2,1.28703703703704,0.537099289523692,-0.666666666666667,0.0454545454545455,NA,5,FALSE,5,FALSE,2,2,3.58333333333333,5,5,0.580536902384664,1.02701014598049,0.436520853335361,5,1.18518518518519,0.210309917857152,1.33333333333333,0.0454545454545455,NA,6,FALSE,6,FALSE,2,2,2,1,1,0.477339797243325,1.20075226138449,0.816496580927726,3,1.62962962962963,0.342903845993428,1.33333333333333,0.0194805194805195,NA,NA
"29",28,"1020720027001",5,FALSE,5,FALSE,0,0,0,0,0,0.167354430396563,0.444917144960302,1,3,4,1,-2,0.00649350649350649,NA,26,FALSE,26,FALSE,0,0,0,0,0,NA,NA,NA,NA,1,1,0,0.00649350649350649,NA,10,FALSE,10,FALSE,0,0,0,0,0,NA,NA,NA,NA,1,1,0,0.00649350649350649,NA,NA
"30",29,"1020720028001",1,TRUE,1,TRUE,2,2,16.3767404620177,0,0,0.276370172249904,0.169467843709231,1.95114648631899e-14,1,1,1,2,0.909090909090909,NA,6,FALSE,6,FALSE,1,1,2.5,0,0,0.219060140683686,0.213159215862878,0.353553390593274,6,1,1,1,0.0324675324675325,NA,1,TRUE,1,TRUE,1,1,11.2019092019092,0,0,0.258802912403003,0.107471655713965,1.91374716166238e-06,1,1,1,1,0.428571428571429,NA,NA
"31",30,"1020720028002",1,TRUE,1,TRUE,2,2,16.3767404620177,0,0,0.276370172249904,0.169467843709231,1.94143203485352e-14,1,1,1,2,0.909090909090909,NA,6,FALSE,6,FALSE,1,1,2.5,0,0,0.219060140683686,0.213159215862878,0.353553390593274,6,1,1,1,0.0324675324675325,NA,1,TRUE,1,TRUE,1,1,11.2019092019092,0,0,0.258802912403003,0.107471655713965,1.91374716173176e-06,1,1,1,1,0.428571428571429,NA,NA
"32",31,"1020720029001",1,TRUE,1,TRUE,9,9,20.5616310718865,546,546,0.847485181919816,2.16339868791468,9.14983975184842e-14,1,0.209876543209877,0.304365277074206,9,0.909090909090909,NA,6,FALSE,6,FALSE,4,4,4,6,6,0.637786720167033,1.69849911035929,0.707106781186547,6,0.25,0,4,0.0324675324675325,NA,1,TRUE,1,TRUE,5,5,14.9408452658453,250,250,0.871336302252222,2.31520316236043,8.11113097925805e-06,1,0.2,0,5,0.428571428571429,NA,NA
"33",32,"1020720030001",1,TRUE,1,TRUE,2,2,16.3767404620177,0,0,0.276370172249904,0.169467843709231,1.94975870753821e-14,1,1,1,2,0.909090909090909,NA,6,FALSE,6,FALSE,1,1,2.5,0,0,0.219060140683686,0.213159215862878,0.353553390593274,6,1,1,1,0.0324675324675325,NA,1,TRUE,1,TRUE,1,1,11.2019092019092,0,0,0.258802912403003,0.107471655713965,1.91374716167625e-06,1,1,1,1,0.428571428571429,NA,NA
"34",33,"1020720032001",1,TRUE,1,TRUE,2,2,16.3767404620177,0,0,0.276370172249904,0.169467843709231,1.94906481814782e-14,1,1,1,2,0.909090909090909,NA,6,FALSE,6,FALSE,1,1,2.5,0,0,0.219060140683686,0.213159215862878,0.353553390593274,6,1,1,1,0.0324675324675325,NA,1,TRUE,1,TRUE,1,1,11.2019092019092,0,0,0.258802912403003,0.107471655713965,1.9137471616485e-06,1,1,1,1,0.428571428571429,NA,NA
"35",34,"1020720033001",2,FALSE,2,FALSE,3,3,3.83333333333333,8,8,0.346873902316888,0.511168808876908,0.334589730625782,2,0.555555555555556,0.544514084996405,3,0.0454545454545455,NA,5,FALSE,5,FALSE,2,2,3.83333333333333,8,8,0.419789339572895,0.604212446914512,0.368858213485856,5,0.5,0,2,0.0454545454545455,NA,7,FALSE,7,FALSE,1,1,1.5,0,0,0.194921294528505,0.287063123205679,0.316227766016838,4,1,1,1,0.0194805194805195,NA,NA
"36",35,"1020720034001",2,FALSE,2,FALSE,1,1,2.91666666666667,0,0,0.29239788507361,0.6154262454158,0.0763748118874109,2,1.73533950617284,0.573891457543931,-1,0.0454545454545455,NA,5,FALSE,5,FALSE,1,1,2.91666666666667,0,0,0.395974780147652,0.667218600732721,0.314055622014726,5,1.40277777777778,0.0284731803367228,0.5,0.0454545454545455,NA,11,FALSE,11,FALSE,0,0,0,0,0,NA,NA,NA,NA,1,1,0,0.00649350649350649,NA,NA
"37",36,"1020720035001",2,FALSE,2,FALSE,6,6,3.41666666666667,5,5,0.632264531098996,1.26587073590487,0.662148294319216,2,0.555555555555556,0.720720089871339,6,0.0454545454545455,NA,5,FALSE,5,FALSE,3,3,3.41666666666667,5,5,0.563248897480492,1.10977554996215,0.448489721154805,5,0.555555555555556,0.544514084996405,3,0.0454545454545455,NA,7,FALSE,7,FALSE,3,3,2,1,1,0.496793797570552,1.26224551520203,0.707106781186547,4,0.555555555555556,0.544514084996405,3,0.0194805194805195,NA,NA
"38",37,"1020720036001",2,FALSE,2,FALSE,4,4,2.53333333333333,0,0,0.483746437493419,0.62665882095807,0.583763427803483,2,1,1,4,0.0454545454545455,NA,5,FALSE,5,FALSE,2,2,2.53333333333333,0,0,0.416896610471956,0.593949771680408,0.365657212339213,5,1,1,2,0.0454545454545455,NA,7,FALSE,7,FALSE,2,2,1.5,0,0,0.389842589057009,0.574126246411359,0.632455532033676,4,1,1,2,0.0194805194805195,NA,NA
"39",38,"1020720101001",3,FALSE,3,FALSE,6,6,2,0,0,0.743004750236529,1.08983278852237,0.627963030199555,4,1.00308641975309,0.655510809162198,0.666666666666667,0.0194805194805195,NA,9,FALSE,9,FALSE,3,3,2,0,0,0.624399790919248,0.992902345223765,0.627963030199555,7,1.00308641975309,0.438162328878873,1.66666666666667,0.0194805194805195,NA,8,FALSE,8,FALSE,3,3,2,0,0,0.612872475132889,1.04111922829293,0.627963030199555,5,1.00308641975309,0.438162328878873,1.66666666666667,0.0194805194805195,NA,NA
"40",39,"1020720101002",3,FALSE,3,FALSE,6,6,2,0,0,0.743004750236529,1.08983278852237,0.627963030199554,4,1.00308641975309,0.655510809162198,0.666666666666667,0.0194805194805195,NA,9,FALSE,9,FALSE,3,3,2,0,0,0.624399790919248,0.992902345223765,0.627963030199554,7,1.00308641975309,0.438162328878873,1.66666666666667,0.0194805194805195,NA,8,FALSE,8,FALSE,3,3,2,0,0,0.612872475132889,1.04111922829293,0.627963030199554,5,1.00308641975309,0.438162328878873,1.66666666666667,0.0194805194805195,NA,NA
"41",40,"1020720101003",3,FALSE,3,FALSE,4,4,2,0,0,0.519246750088436,0.683091815305882,0.459700843380983,4,1.38888888888889,0.5,-4,0.0194805194805195,NA,9,FALSE,9,FALSE,2,2,2,0,0,0.434308528214211,0.627227889345469,0.459700843380983,7,1.38888888888889,0,0,0.0194805194805195,NA,8,FALSE,8,FALSE,2,2,2,0,0,0.429439129533593,0.649556430092858,0.459700843380983,5,1.38888888888889,0,0,0.0194805194805195,NA,NA
"42",41,"1020720102001",1,TRUE,1,TRUE,4,4,14.6030207485784,175.282051282051,175.282051282051,0.637987559387236,0.583477986340889,2.58352412270907e-19,1,0.5,0.5,4,0.909090909090909,NA,2,FALSE,2,FALSE,2,2,7.83571428571429,100,100,0.510727806269937,0.510929243127431,0.0439200728577902,8,0.5,0,2,0.168831168831169,NA,1,TRUE,1,TRUE,2,2,11.0678364291367,40.1666666666667,40.1666666666667,0.56668709913765,0.587143767604281,0.0441198817213391,1,0.5,0,2,0.428571428571429,TRUE,"17"
"43",42,"1020720103001",1,TRUE,1,TRUE,3,3,19.0688850513988,2850,2850,0.357502864225627,0.565266308376235,9.67604237395223e-17,1,0.555555555555556,0.544514084996405,3,0.909090909090909,NA,2,FALSE,2,FALSE,1,1,5.53291153291153,0,0,0.218825144931934,0.313680967790399,0.00121774860404752,8,1,1,1,0.168831168831169,NA,1,TRUE,1,TRUE,2,2,14.0350038850039,1000,1000,0.482225894471978,0.694933066887809,0.00111281229055928,1,0.5,0,2,0.428571428571429,NA,NA
"44",43,"1020720104001",1,TRUE,1,TRUE,5,5,16.1171765172976,303.199134199135,303.199134199135,0.74516756366916,0.919877801932659,4.96990567801552e-19,1,0.4804,0.358562850017605,3.4,0.909090909090909,NA,2,FALSE,2,FALSE,3,3,8.59087301587301,114,114,0.684944503411977,1.04339847608293,0.139585917390856,8,0.534722222222222,0.0468137890985249,2.33333333333333,0.168831168831169,NA,1,TRUE,1,TRUE,2,2,11.9356834943522,92.6666666666666,92.6666666666666,0.551690439019396,0.696207839284293,0.0614949923211712,1,0.5,0,2,0.428571428571429,TRUE,"17"
"45",44,"1020720105001",1,TRUE,1,TRUE,6,6,19.2214072650053,2761.5,2761.5,0.754218044768984,1.01906839621565,3.32327533130395e-17,1,0.333333333333333,0.386852807234542,6,0.909090909090909,NA,2,FALSE,2,FALSE,3,3,7.48860028860029,25,25,0.63613610357365,0.99243157301051,0.00459994036934164,8,0.333333333333333,0,3,0.168831168831169,NA,1,TRUE,1,TRUE,3,3,14.6576992451992,1047,1047,0.646023120372044,0.908542435128185,0.00435620665289866,1,0.333333333333333,0,3,0.428571428571429,NA,NA
"46",45,"1020720106001",1,TRUE,1,TRUE,7,7,18.6977486679028,2296.80000000001,2296.80000000001,0.952147900661148,1.26096147130673,1.25995695099728e-17,1,0.492630385487528,0.597245473411733,5.85714285714286,0.909090909090909,NA,2,FALSE,2,FALSE,3,3,7.36273448773449,26.6666666666667,26.6666666666667,0.741072384959761,0.871606637080275,0.00976916198031191,8,0.555555555555556,0.544514084996405,3,0.168831168831169,NA,1,TRUE,1,TRUE,4,4,14.4894054474937,919,919,0.859435235378505,1.56049896512837,0.0161937419219544,1,0.375,0.374185416306089,4,0.428571428571429,NA,NA
"47",46,"1020720107001",1,TRUE,1,TRUE,6,6,17.9322524387258,58.5,58.5,0.853856386582473,0.947129666582066,1.16923717486577e-17,1,0.578624968505921,0.692813363392353,4.66666666666667,0.909090909090909,NA,2,FALSE,2,FALSE,4,4,8.91785714285714,116,116,0.933241750481554,1.23629269064242,0.0161511134045492,8,0.375,0.374185416306089,4,0.168831168831169,NA,1,TRUE,1,TRUE,2,2,11.2263102093984,0,0,0.513546155226064,0.472386589738006,0.00764153056325666,1,1,1,2,0.428571428571429,NA,NA
"48",47,"1020720108001",1,TRUE,1,TRUE,7,7,18.4144153345695,298.200000000001,298.200000000001,0.765563331282652,1.47801667226502,7.13418719612913e-18,1,0.26530612244898,0.339490045445277,7,0.909090909090909,NA,2,FALSE,2,FALSE,4,4,8.69606782106782,60.3333333333334,60.3333333333334,0.805646761530232,1.43105169183575,0.00638896759868217,8,0.25,0,4,0.168831168831169,NA,1,TRUE,1,TRUE,3,3,12.6973419554302,127,127,0.507887559249796,1.25367009619391,0.0011565758402383,1,0.333333333333333,0,3,0.428571428571429,NA,NA
"49",48,"1020720109001",1,TRUE,1,TRUE,2,2,14.8068556133289,0,0,0.263239209855971,0.279325292033168,1.01815431594019e-17,1,1,1,2,0.909090909090909,NA,2,FALSE,2,FALSE,1,1,6.15526695526696,0,0,0.24295811721411,0.251235294476303,0.00169136026772306,8,1,1,1,0.168831168831169,NA,1,TRUE,1,TRUE,1,1,10.0913895744778,0,0,0.196813436102627,0.288525738618731,0.0002728834902551,1,1,1,1,0.428571428571429,NA,NA
"50",49,"1020720110001",1,TRUE,1,TRUE,2,2,14.8068556133289,0,0,0.263239209855971,0.279325292033168,1.01815431594019e-17,1,1,1,2,0.909090909090909,NA,2,FALSE,2,FALSE,1,1,6.15526695526696,0,0,0.24295811721411,0.251235294476303,0.00169136026772309,8,1,1,1,0.168831168831169,NA,1,TRUE,1,TRUE,1,1,10.0913895744778,0,0,0.196813436102627,0.288525738618731,0.0002728834902551,1,1,1,1,0.428571428571429,NA,NA
"51",50,"1020720111001",1,TRUE,1,TRUE,6,6,16.3821750691753,320,320,1.34806063850547,0.584720084514799,5.23452534242743e-18,1,0.555555555555556,0.720720089871339,6,0.909090909090909,NA,2,FALSE,2,FALSE,3,3,8.69285714285714,156,156,0.966130935419122,0.522245743858615,0.363689438127327,8,0.555555555555556,0.544514084996405,3,0.168831168831169,NA,1,TRUE,1,TRUE,3,3,12.7029338910144,130,130,1.40229697477209,0.61984245093119,0.286076339443193,1,0.555555555555556,0.544514084996405,3,0.428571428571429,TRUE,"17"
"52",51,"1020720112001",1,TRUE,1,TRUE,8,8,14.2836779903397,138,138,1.43737134337212,1.45154142621135,3.1505649528327e-18,1,0.888254839201341,0.464072254652592,0,0.909090909090909,NA,2,FALSE,2,FALSE,4,4,6.9794733044733,24,24,0.941689034360409,1.20931287791991,0.0183512749316305,8,0.575625,0.39877805097304,3,0.168831168831169,NA,1,TRUE,1,TRUE,4,4,11.2134959023268,64,64,1.61503016273915,1.50373173402021,0.141768813247424,1,0.903288888888889,0.293396541237539,1.6,0.428571428571429,TRUE,"17"
"53",52,"1020720113001",1,TRUE,1,TRUE,2,2,11.6891893354851,0,0,0.370920929373764,0.2835689151642,1.11309225833366e-18,1,1.23456790123457,1,0,0.909090909090909,NA,2,FALSE,2,FALSE,1,1,5.20524198024198,0,0,0.262326246858535,0.28280390918538,0.00485815850558179,8,1,1,1,0.168831168831169,NA,1,TRUE,1,TRUE,1,1,8.76229432612526,0,0,0.385646638862338,0.245875460498046,0.0334490547202719,1,1,1,0,0.428571428571429,NA,NA
"54",53,"1020720114001",1,TRUE,1,TRUE,2,2,11.9391893354851,0,0,0.378017514661754,0.214690597688512,1.84062648221691e-19,1,1,1,2,0.909090909090909,NA,2,FALSE,2,FALSE,1,1,5.81280663780664,0,0,0.284953884342887,0.204504355125655,0.00696729903917252,8,1,1,1,0.168831168831169,NA,1,TRUE,1,TRUE,1,1,9.01229432612526,0,0,0.362402684995767,0.203537789946667,0.0296107007805095,1,1,1,1,0.428571428571429,NA,NA
"55",54,"1020720115001",1,TRUE,1,TRUE,10,10,14.9503446570063,144.082917082917,144.082917082917,1.48164573717172,1.88126158434612,2.40649190276501e-18,1,0.438498765432099,0.546090092776432,5.2,0.909090909090909,NA,2,FALSE,2,FALSE,5,5,8.16154401154401,87,87,1.10062617948813,1.75929108910667,0.0263183714676758,8,0.42,0.324744254935645,4.2,0.168831168831169,NA,1,TRUE,1,TRUE,5,5,11.8801625689935,71.5,71.5,1.47874919507496,1.75196053125973,0.125500524429865,1,0.457244444444445,0.374575157653911,3.4,0.428571428571429,TRUE,"17"
"56",55,"1020720116001",1,TRUE,1,TRUE,5,5,15.8530207485784,361.800865800864,361.800865800864,0.969281479345412,0.665275458443331,3.18947646606319e-18,1,0.73918024691358,0.46246369700639,-2.2,0.909090909090909,NA,2,FALSE,2,FALSE,2,2,6.4794733044733,0,0,0.547280131201423,0.487308264311036,0.0118254575447543,8,1.0525,0.00342547116261607,0,0.168831168831169,NA,1,TRUE,1,TRUE,3,3,12.6178364291367,202.333333333333,202.333333333333,1.2806437972004,0.656570715066451,0.174646984396449,1,0.613333333333333,0.0592783062656295,1.33333333333333,0.428571428571429,TRUE,"17"
"57",56,"1020720117001",1,TRUE,1,TRUE,6,6,18.8615096976614,1752.19047619048,1752.19047619048,0.949271780854267,1.12558348534726,1.31983156986963e-17,1,0.320069444444444,0.27065071345829,5.33333333333333,0.909090909090909,NA,2,FALSE,2,FALSE,2,2,8.53690476190476,154,154,0.488560111472148,0.703912741957884,0.105567355672528,8,0.5,0,2,0.168831168831169,NA,1,TRUE,1,TRUE,4,4,14.8276208870249,718,718,1.25279814816659,1.43305933115156,0.178457951822773,1,0.333767361111111,0.023900761701284,3.5,0.428571428571429,TRUE,"17"
"58",57,"1020720118001",1,TRUE,1,TRUE,13,13,17.3671765172977,253.28124098124,253.28124098124,2.41541284496852,2.44424326304082,1.01258998797309e-17,1,0.371933851997955,0.421360713808982,8.69230769230769,0.909090909090909,NA,2,FALSE,2,FALSE,7,7,10.1261904761905,176,176,1.79743845626461,2.60751234508719,0.634119071542608,8,0.333475056689342,0.200993222045,6.14285714285714,0.168831168831169,NA,1,TRUE,1,TRUE,6,6,13.1856834943522,91,91,2.51541917978629,1.88435574932118,0.51701690278678,1,0.425347222222222,0.24708789007692,4.66666666666667,0.428571428571429,TRUE,"17"
"59",58,"1020720119001",1,TRUE,1,TRUE,9,9,17.8671765172977,511.80986790987,511.80986790987,1.87262424482573,1.13671146478486,2.03560275543184e-18,1,0.422197648558047,0.495657898787434,4.55555555555556,0.909090909090909,NA,2,FALSE,2,FALSE,3,3,8.05357142857143,0,0,1.05156172708134,0.458779473485846,0.42918231521696,8,0.746173469387755,0.49202267744609,1.66666666666667,0.168831168831169,NA,1,TRUE,1,TRUE,6,6,14.4356834943522,292.833333333334,292.833333333334,2.47659584962891,1.73073811917872,0.472945772202042,1,0.310570987654321,0.199410647957058,5,0.428571428571429,TRUE,"17"
"60",59,"1020720120001",1,TRUE,1,TRUE,8,8,18.7321750691753,733.60956820957,733.60956820957,1.38919786566045,1.31703707388391,3.09755930362834e-18,1,0.412459376597998,0.273072900450256,3.5,0.909090909090909,NA,2,FALSE,2,FALSE,4,4,9.48690476190476,136,136,1.08862833079836,1.14970156246236,0.352961052719355,8,0.528663548752834,0.0154931286554325,2.5,0.168831168831169,NA,1,TRUE,1,TRUE,4,4,14.3862672243477,300.833333333334,300.833333333334,1.37582604171126,1.22157413288332,0.216517441364154,1,0.41015625,0.0214188263983693,3,0.428571428571429,TRUE,"17"
"61",60,"1020720121001",1,TRUE,1,TRUE,5,5,18.0655084025087,342.907514707513,342.907514707513,0.859870023737807,0.824445557595813,5.68684307043368e-18,1,0.553616049382716,0.278764494356575,1,0.909090909090909,NA,2,FALSE,2,FALSE,2,2,7.62420634920635,0,0,0.509019690961045,0.597715568703374,0.130392643625812,8,0.835069444444444,0.00299832584291726,1,0.168831168831169,NA,1,TRUE,1,TRUE,3,3,13.7196005576811,151.666666666667,151.666666666667,1.20130736857341,0.759086739766706,0.204778060061143,1,0.570216049382716,0.00665350583833247,1.66666666666667,0.428571428571429,TRUE,"17"
"62",61,"1020720122001",1,TRUE,1,TRUE,6,6,15.1030207485784,1.83636363636364,1.83636363636364,1.20609877872985,0.901849920128135,6.72927456477906e-18,1,0.745340865739726,0.475088304533145,-0.666666666666667,0.909090909090909,NA,2,FALSE,2,FALSE,2,2,7.46309523809524,0,0,0.59747966629302,0.471578427351521,0.228312782880832,8,0.889030612244898,0.0514327393408548,1,0.168831168831169,NA,1,TRUE,1,TRUE,4,4,11.8678364291367,5,5,1.75558107746138,1.11851836103111,0.374533594345492,1,0.654513888888889,0.258213814372806,2,0.428571428571429,TRUE,"17"
"63",62,"1020720123001",1,TRUE,1,TRUE,5,5,14.0030207485784,0,0,1.02846433441331,0.681967785190446,7.90638211640836e-18,1,0.797633136094674,0.572271061340682,0.2,0.909090909090909,NA,2,FALSE,2,FALSE,2,2,7.46309523809524,0,0,0.59747966629302,0.471578427351521,0.228312782880832,8,0.889030612244898,0.0514327393408548,1,0.168831168831169,NA,1,TRUE,1,TRUE,3,3,10.4678364291367,0,0,1.35845388585451,0.804110769183925,0.298720960458312,1,0.771604938271605,0.426687770601977,1.66666666666667,0.428571428571429,TRUE,"17"
"64",63,"1020720124001",1,TRUE,1,TRUE,2,2,16.5198305693275,0,0,0.247154740395076,0.322048378311596,2.62684695957896e-11,1,1,1,2,0.909090909090909,NA,1,TRUE,1,TRUE,1,1,9.74050949050948,0,0,0.24431978549612,0.250064380356746,0.0042782330321624,1,1,1,1,0.363636363636364,NA,1,TRUE,1,TRUE,1,1,7.07425096534162,0,0,0.162212809174321,0.362902114670248,1.58394852301763e-09,1,1,1,1,0.428571428571429,NA,NA
"65",64,"1020720125001",1,TRUE,1,TRUE,4,4,17.1864972359941,1.33333333333333,1.33333333333333,0.465434624473775,0.718567658170493,5.13371269422318e-11,1,0.5,0.5,4,0.909090909090909,TRUE,1,TRUE,1,TRUE,2,2,10.4071761571762,1.33333333333333,1.33333333333333,0.437600138635136,0.613124584843563,0.00772374750461224,1,0.5,0,2,0.363636363636364,TRUE,1,TRUE,1,TRUE,2,2,9.28750483262867,126,126,0.334063266847977,0.73410787592162,2.68694920572433e-08,1,0.5,0,2,0.428571428571429,NA,NA
"66",65,"1020720126001",1,TRUE,1,TRUE,6,6,19.4965381530115,2223,2223,0.819526739900646,0.984253449013536,3.58479463770628e-18,1,0.367976820357773,0.238815161459048,4.66666666666667,0.909090909090909,NA,2,FALSE,2,FALSE,3,3,9.27896825396826,171,171,0.663733252374737,0.924922442570947,0.0350821469343726,8,0.333333333333333,0,3,0.168831168831169,NA,1,TRUE,1,TRUE,3,3,14.7405959236842,891,891,0.781640061745141,0.778635828931757,0.0489954841892034,1,0.333333333333333,0,3,0.428571428571429,NA,NA
"67",66,"1020720127001",1,TRUE,1,TRUE,2,2,13.6178893548896,0,0,0.241572766520585,0.309170101969743,2.07742178977384e-18,1,1,1,2,0.909090909090909,NA,2,FALSE,2,FALSE,1,1,5.96273448773449,0,0,0.204794654989047,0.291202656851642,0.00285944752867827,8,1,1,1,0.168831168831169,NA,1,TRUE,1,TRUE,1,1,9.93864817672867,0,0,0.20100229751175,0.284513254898211,0.00306919753758457,1,1,1,1,0.428571428571429,NA,NA
"68",67,"1020720128001",1,TRUE,1,TRUE,6,6,16.630557316709,275,275,0.630390060542025,1.29181995731225,3.74453277815154e-20,1,0.333333333333333,0.386852807234542,6,0.909090909090909,NA,2,FALSE,2,FALSE,3,3,8.03452380952381,47,47,0.537585558126393,1.15031984439412,0.0108013165258106,8,0.333333333333333,0,3,0.168831168831169,NA,1,TRUE,1,TRUE,3,3,12.5966685060725,127,127,0.532447153952288,1.27719557586523,0.013008334500454,1,0.333333333333333,0,3,0.428571428571429,NA,NA
"69",68,"1020720129001",1,TRUE,1,TRUE,2,2,13.6178893548896,0,0,0.241572766520585,0.309170101969743,2.07742178977384e-18,1,1,1,2,0.909090909090909,NA,2,FALSE,2,FALSE,1,1,5.96273448773449,0,0,0.204794654989047,0.291202656851642,0.00285944752867827,8,1,1,1,0.168831168831169,NA,1,TRUE,1,TRUE,1,1,9.93864817672867,0,0,0.20100229751175,0.284513254898211,0.00306919753758457,1,1,1,1,0.428571428571429,NA,NA
"70",69,"1020720131001",1,TRUE,1,TRUE,3,3,20.6325197703299,3024,3024,0.413786488002065,0.526779126162941,0.00264524312688936,1,0.555555555555556,0.544514084996405,3,0.909090909090909,NA,1,TRUE,1,TRUE,1,1,9.64867354867355,0,0,0.229327410592223,0.320140218229345,0.000424001543199992,1,1,1,1,0.363636363636364,NA,2,FALSE,2,FALSE,2,2,11.4833333333333,270,270,0.505644891787212,0.610488252646299,0.00711766603379994,6,0.5,0,2,0.246753246753247,NA,NA
"71",70,"1020720133001",1,TRUE,1,TRUE,6,6,21.6278963289792,3218,3218,0.797329208911519,1.04956016728165,0.000643815770039519,1,0.373456790123457,0.393098060938586,4.66666666666667,0.909090909090909,NA,1,TRUE,1,TRUE,3,3,12.5195276945277,107,107,0.709904305073856,0.94706162110365,0.00183233834120544,1,0.36734693877551,0.00759370449692786,2.66666666666667,0.363636363636364,NA,2,FALSE,2,FALSE,3,3,11.2857142857143,260,260,0.635112670383622,1.03680350965108,0.00201029143010615,6,0.382222222222222,0.0143655052906032,2.66666666666667,0.246753246753247,NA,NA
"72",71,"1020720134001",1,TRUE,1,TRUE,2,2,17.425376913187,0,0,0.268330849526105,0.348001063034613,0.00013759325665065,1,1,1,2,0.909090909090909,NA,1,TRUE,1,TRUE,1,1,9.64867354867355,0,0,0.229327410592223,0.320140218229345,0.000424001543199715,1,1,1,1,0.363636363636364,NA,2,FALSE,2,FALSE,1,1,8.45595238095238,0,0,0.21851283158352,0.325514299965193,0.000479676022256903,6,1,1,1,0.246753246753247,NA,NA
"73",72,"1020720201001",1,TRUE,1,TRUE,7,7,15.5548709949197,0,0,2.22557434981306,0.881243155575861,0.319987419452759,1,0.731045603426556,0.446559469464397,-3.85714285714286,0.909090909090909,NA,4,FALSE,4,FALSE,4,4,6.41666666666667,0,0,2.38557349086392,0.844328041378222,0.341748066915312,9,0.746050347222222,0.272762560160049,0.5,0.0844155844155844,NA,2,FALSE,2,FALSE,3,3,8.54491341991342,0,0,1.29532793347184,0.660289995393247,0.300339485960191,6,0.760204081632653,0.423483880204028,1.66666666666667,0.246753246753247,NA,NA
"74",73,"1020720202001",1,TRUE,1,TRUE,9,9,16.0548709949197,0.266666666666667,0.266666666666667,2.79543188927298,1.21681643344885,0.396901071682113,1,0.65619088801388,0.390741886233189,-4.33333333333333,0.909090909090909,NA,4,FALSE,4,FALSE,6,6,6.91666666666667,0.4,0.4,3.26059177427407,1.60887128473824,0.455826970115674,9,0.607758487654321,0.261405497598512,2,0.0844155844155844,NA,2,FALSE,2,FALSE,3,3,9.21158008658008,0.666666666666667,0.666666666666667,1.3740603862817,0.640231652439263,0.322259351805104,6,0.631298185941043,0.0445197023344963,1,0.246753246753247,NA,NA
"75",74,"1020720203001",1,TRUE,1,TRUE,9,9,16.0548709949197,0.2,0.2,2.72935043590895,1.27816333309397,0.387448705126342,1,0.666194772572839,0.40927060480275,-3.44444444444444,0.909090909090909,NA,4,FALSE,4,FALSE,5,5,6.91666666666667,0.2,0.2,2.89640059233059,1.14083895512394,0.40880618014453,9,0.687361111111111,0.203045141937068,0.6,0.0844155844155844,NA,2,FALSE,2,FALSE,4,4,9.04491341991342,0.666666666666667,0.666666666666667,1.55223823426188,1.25698757739728,0.352392900900481,6,0.618622448979592,0.286073240195141,2.5,0.246753246753247,NA,NA
"76",75,"1020720204001",1,TRUE,1,TRUE,11,11,18.1034467589026,200.666666666667,200.666666666667,3.24836070309162,1.46266829212302,0.436802090383925,1,0.479306193245587,0.474382717321826,1.18181818181818,0.909090909090909,NA,4,FALSE,4,FALSE,6,6,8,10,10,3.19799294137205,1.40954541640088,0.420321630521091,9,0.493302469135802,0.258703081366803,2.66666666666667,0.0844155844155844,NA,2,FALSE,2,FALSE,5,5,10.5642857142857,51.5,51.5,2.01385224868884,1.37459107993393,0.444257652133425,6,0.439189342403628,0.322136459839679,3.4,0.246753246753247,NA,NA
"77",76,"1020720205001",1,TRUE,1,TRUE,15,15,19.1034467589026,472.866666666667,472.866666666667,3.92692860525787,2.64039128705275,0.519186360515968,1,0.392531531675351,0.378753523106321,4.33333333333333,0.909090909090909,NA,4,FALSE,4,FALSE,8,8,9,28.4,28.4,3.73515854536162,2.49377631053575,0.479875712717594,9,0.3901953125,0.182962563895489,4.75,0.0844155844155844,NA,2,FALSE,2,FALSE,7,7,11.5642857142857,117.166666666667,117.166666666667,2.55199288244885,2.45064882250723,0.553917712096981,6,0.379716553287982,0.162794026017246,5,0.246753246753247,NA,NA
"78",77,"1020720206001",1,TRUE,1,TRUE,3,3,15.0548709949197,0,0,1.04617958902193,0.328291626662995,0.14883029845297,1,0.902360983573105,0.401482254982612,-2.33333333333333,0.909090909090909,NA,4,FALSE,4,FALSE,2,2,5.91666666666667,0,0,1.2435809870475,0.354233931030206,0.170879619368298,9,0.835069444444444,0.00299832584291726,0,0.0844155844155844,NA,2,FALSE,2,FALSE,1,1,7.71158008658008,0,0,0.45366935931753,0.267901569186069,0.106004403262874,6,1,1,1,0.246753246753247,NA,NA
"79",78,"1020720207001",1,TRUE,1,TRUE,2,2,14.5548709949197,0,0,0.769963218202795,0.0930123946104663,0.110958049610357,1,1,1,2,0.909090909090909,NA,4,FALSE,4,FALSE,1,1,5.41666666666667,0,0,0.660028214939882,0.0999368211187013,0.0910922252205881,9,1,1,1,0.0844155844155844,NA,2,FALSE,2,FALSE,1,1,8.04491341991342,0,0,0.545454120456495,0.0843701711131419,0.132170411124269,6,1,1,1,0.246753246753247,NA,NA
"80",79,"1020720208001",1,TRUE,1,TRUE,9,9,19.3856960905197,924.8,924.8,2.38375005158619,1.12342718786835,0.266022258121275,1,0.380935732181523,0.489700255081304,5.44444444444444,0.909090909090909,NA,4,FALSE,4,FALSE,5,5,8,36,36,2.18651329278364,1.1822292837777,0.218998784334275,9,0.333611111111111,0.223345014446512,4.2,0.0844155844155844,NA,2,FALSE,2,FALSE,4,4,11.1293650793651,210,210,1.64542595625171,0.857829017273635,0.325756134329795,6,0.475816326530612,0.264875344397557,3,0.246753246753247,NA,NA
"81",80,"1020720209001",1,TRUE,1,TRUE,2,2,14.686780092236,0,0,0.397699395803487,0.284514138137037,0.028119347434021,1,1,1,2,0.909090909090909,NA,4,FALSE,4,FALSE,1,1,4.58333333333333,0,0,0.319522344127017,0.273862063238902,0.0180880614515785,9,1,1,1,0.0844155844155844,NA,2,FALSE,2,FALSE,1,1,8.54603174603175,0,0,0.323151238238842,0.252778638487212,0.0437906599713262,6,1,1,1,0.246753246753247,NA,NA
"82",81,"1020720210001",1,TRUE,1,TRUE,8,8,18.0523627571864,143.818181818182,143.818181818182,1.60443766047327,1.44564434015806,0.131573884955803,1,0.3916015625,0.565999186388389,7.5,0.909090909090909,NA,4,FALSE,4,FALSE,4,4,6.66666666666667,15,15,1.3434359873327,1.2721206486334,0.0952882791010585,9,0.375,0.374185416306089,4,0.0844155844155844,NA,2,FALSE,2,FALSE,4,4,11.4404761904762,260,260,1.24861514916522,1.46325790664463,0.183523846042423,6,0.41015625,0.329050597092501,3.75,0.246753246753247,NA,NA
"83",82,"1020720211001",1,TRUE,1,TRUE,6,6,19.7478875871352,1026.18181818182,1026.18181818182,1.0846228320759,0.97967832507369,0.0512292843938666,1,0.691599151234568,0.57161349717354,0.5,0.909090909090909,NA,4,FALSE,4,FALSE,4,4,6.5,12,12,1.23361723937403,1.2271025120526,0.0629161907949135,9,0.59375,0.384269529559114,3,0.0844155844155844,NA,2,FALSE,2,FALSE,2,2,10.7357142857143,0,0,0.588780392976667,0.576914970965289,0.0242554713971038,6,0.953125,0.0235856918845131,0.5,0.246753246753247,NA,NA
"84",83,"1020720212001",1,TRUE,1,TRUE,7,7,19.1645542538019,257.2,257.2,1.33764927498058,1.3322207300887,0.0554865258988967,1,0.724012586805555,0.370206830692501,0.625,0.909090909090909,NA,4,FALSE,4,FALSE,4,4,5.91666666666667,3,3,1.14019140294965,1.20921022004436,0.0458949805908578,9,0.59375,0.384269529559114,3,0.0844155844155844,NA,2,FALSE,2,FALSE,3,3,11.9857142857143,270,270,1.12254207307404,1.23364606670549,0.0738337340331504,6,0.74609375,0.0669461550700606,1.75,0.246753246753247,NA,NA
"85",84,"1020720213001",1,TRUE,1,TRUE,6,6,21.8325056868951,3106,3106,0.938204671608428,0.989947745996621,0.023467204301977,1,0.559027777777778,0.439394827434589,1.33333333333333,0.909090909090909,NA,4,FALSE,4,FALSE,2,2,5.25,0,0,0.594474341981745,0.563089750699296,0.020655039352287,9,1.125,0,0,0.0844155844155844,NA,2,FALSE,2,FALSE,4,4,13.3666666666667,454,454,1.03743212646276,1.27449447174095,0.0278193902011779,6,0.4140625,0.0851774477467652,3.25,0.246753246753247,NA,NA
"86",85,"1020720214001",1,TRUE,1,TRUE,9,9,20.6478875871352,1651,1651,1.18782030337283,1.82126927763231,0.00353500646398462,1,0.308641975308642,0.544514084996405,9,0.909090909090909,NA,3,FALSE,3,FALSE,4,4,5.88333333333333,13,13,0.808505483165487,1.45782931692206,0.337450635834021,10,0.375,0.374185416306089,4,0.0909090909090909,NA,2,FALSE,2,FALSE,5,5,13.1190476190476,325,325,1.28139666611239,1.88776699897132,0.0113824077936247,6,0.28,0.283139825533139,5,0.246753246753247,NA,NA
"87",86,"1020720216001",1,TRUE,1,TRUE,4,4,16.2809341857578,0,0,0.661842559510237,0.448613102792625,0.00151096967267759,1,1,1,4,0.909090909090909,NA,3,FALSE,3,FALSE,2,2,4.18333333333333,0,0,0.486730218054001,0.494846010158792,0.231425905722718,10,1,1,2,0.0909090909090909,NA,2,FALSE,2,FALSE,2,2,9.43333333333333,0,0,0.657484845970007,0.360749532692839,0.00543191699710055,6,1,1,2,0.246753246753247,NA,NA
"88",87,"1020720217001",1,TRUE,1,TRUE,7,7,19.5642675190912,1226,1226,1.04196801701738,1.15054968271886,0.000932367873653682,1,0.32766439909297,0.291136871157827,5.57142857142857,0.909090909090909,NA,3,FALSE,3,FALSE,3,3,6.5,21,21,0.630607276437978,0.981756671707891,0.276902782930628,10,0.333333333333333,0,3,0.0909090909090909,NA,2,FALSE,2,FALSE,4,4,12.7166666666667,257,257,1.30887196524464,1.12697464850059,0.00542650147073737,6,0.342828798185941,0.0413100883833487,3.25,0.246753246753247,NA,NA
"89",88,"1020720218001",1,TRUE,1,TRUE,4,4,17.5642675190912,64,64,0.630517406011602,0.587719042783722,0.000852820634554611,1,0.5,0.5,4,0.909090909090909,NA,3,FALSE,3,FALSE,2,2,5.83333333333333,9,9,0.47130611496174,0.571659388929108,0.244343804367783,10,0.5,0,2,0.0909090909090909,NA,2,FALSE,2,FALSE,2,2,10.7166666666667,13,13,0.621428099476129,0.535504500125527,0.00359321502664749,6,0.5,0,2,0.246753246753247,NA,NA
"90",89,"1020720219001",1,TRUE,1,TRUE,2,2,15.4391610446169,0,0,0.307543134946294,0.331813812391792,0.000199261245378549,1,1,1,2,0.909090909090909,NA,3,FALSE,3,FALSE,1,1,4.55,0,0,0.218038014295863,0.315200737109666,0.094950891377756,10,1,1,1,0.0909090909090909,NA,2,FALSE,2,FALSE,1,1,9.1281746031746,0,0,0.333428584203597,0.310134795200604,0.00129481855281078,6,1,1,1,0.246753246753247,NA,NA
"91",90,"1020720220001",1,TRUE,1,TRUE,6,6,17.4391610446169,9,9,0.992387975633683,0.953410875725797,0.000455446170882122,1,0.432051524313429,0.401789936475728,3.33333333333333,0.909090909090909,NA,3,FALSE,3,FALSE,3,3,7.16666666666667,41,41,0.700166160806496,0.91829004165256,0.3751227633152,10,0.382222222222222,0.0143655052906032,2.66666666666667,0.0909090909090909,NA,2,FALSE,2,FALSE,3,3,11.1281746031746,9,9,1.06999337684346,0.863166098343035,0.00367652581869284,6,0.471797052154195,0.0341637372440841,2,0.246753246753247,NA,NA
"92",91,"1020720221001",1,TRUE,1,TRUE,10,10,19.1058277112836,931.15,931.15,1.8886305375443,1.97560187763001,0.000345900139272371,1,0.502310248173343,0.440893641047666,3.33333333333333,0.909090909090909,NA,3,FALSE,3,FALSE,4,4,7.91666666666667,56,56,1.11337977486567,1.58369538197193,0.572714044301728,10,0.661611111111111,0.298441325535265,3.2,0.0909090909090909,NA,2,FALSE,2,FALSE,6,6,12.7948412698413,216.133333333333,216.133333333333,2.40501662858541,2.11266769476601,0.00638836729862614,6,0.502574158915267,0.282018272282208,4.28571428571429,0.246753246753247,NA,NA
"93",92,"1020720222001",1,TRUE,1,TRUE,3,3,14.1193335332603,0.45,0.45,0.411174378730228,0.590384634253532,3.41933195430364e-05,1,0.555555555555556,0.544514084996405,3,0.909090909090909,NA,3,FALSE,3,FALSE,1,1,4.31666666666667,0,0,0.191222311390954,0.364920687909256,0.0763145369669081,10,1,1,1,0.0909090909090909,NA,2,FALSE,2,FALSE,2,2,8.62308802308802,0.733333333333333,0.733333333333333,0.634126150875397,0.658496992610046,0.00137029495156287,6,0.5,0,2,0.246753246753247,NA,NA
"94",93,"1020720223001",1,TRUE,1,TRUE,5,5,15.4770932171419,100.95,100.95,0.871312957313901,0.720954368768326,0.000118193843161895,1,0.65,0.653251532966296,1.4,0.909090909090909,NA,3,FALSE,3,FALSE,2,2,5.86666666666667,12,12,0.44225304514685,0.632522376194608,0.222554073559226,10,0.61,0.0235856918845131,1.5,0.0909090909090909,NA,2,FALSE,2,FALSE,3,3,9.60753968253968,21.4666666666667,21.4666666666667,1.25911654898156,0.674069733994214,0.00337562542381161,6,0.691609977324263,0.598806923321608,1.66666666666667,0.246753246753247,NA,NA
"95",94,"1020720224001",1,TRUE,1,TRUE,5,5,16.8104265504753,125.716666666666,125.716666666666,0.757644160035122,0.85351135635234,8.3601808622278e-05,1,0.337777777777778,0.353227321631427,3.4,0.909090909090909,NA,3,FALSE,3,FALSE,1,1,5.2,0,0,0.286769594148126,0.229503646522644,0.19638556332109,10,1,1,0,0.0909090909090909,NA,2,FALSE,2,FALSE,4,4,10.940873015873,46.2333333333333,46.2333333333333,1.16672307953429,1.35574956368698,0.00236719279103191,6,0.269132653061224,0.00523795798037811,3.75,0.246753246753247,NA,NA
"96",95,"1020720225001",1,TRUE,1,TRUE,8,8,16.8104265504753,317.333333333334,317.333333333334,1.05578084953545,1.55940314278527,9.00864725027815e-05,1,0.272569444444444,0.338040817285413,7,0.909090909090909,NA,3,FALSE,3,FALSE,4,4,7.2,33,33,0.773352918632856,1.49074522595612,0.303414434066277,10,0.2775,0.0100286176584047,3.75,0.0909090909090909,NA,2,FALSE,2,FALSE,4,4,10.940873015873,68.3,68.3,1.10964066815815,1.4238006788933,0.00216339920207435,6,0.269132653061224,0.00523795798037811,3.75,0.246753246753247,NA,NA
"97",96,"1020720226001",1,TRUE,1,TRUE,3,3,14.3693335332603,0.7,0.7,0.440742081813224,0.45599265903293,2.81863454289415e-05,1,0.555555555555556,0.544514084996405,3,0.909090909090909,NA,3,FALSE,3,FALSE,1,1,4.81666666666667,0,0,0.23836049235133,0.242736817615214,0.104041825317039,10,1,1,1,0.0909090909090909,NA,2,FALSE,2,FALSE,2,2,8.87308802308802,1.06666666666667,1.06666666666667,0.608631685011421,0.530623586702657,0.00108104542116581,6,0.5,0,2,0.246753246753247,NA,NA
"98",97,"1020720227001",1,TRUE,1,TRUE,3,3,14.3693335332603,0.7,0.7,0.440742081813224,0.45599265903293,2.81863454289415e-05,1,0.555555555555556,0.544514084996405,3,0.909090909090909,NA,3,FALSE,3,FALSE,1,1,4.81666666666667,0,0,0.23836049235133,0.242736817615214,0.104041825317039,10,1,1,1,0.0909090909090909,NA,2,FALSE,2,FALSE,2,2,8.87308802308802,1.06666666666667,1.06666666666667,0.608631685011421,0.530623586702657,0.00108104542116581,6,0.5,0,2,0.246753246753247,NA,NA
"99",98,"1020720228001",1,TRUE,1,TRUE,2,2,13.4526668665937,0,0,0.309757144797607,0.266280143816123,1.9252854168301e-05,1,1,1,2,0.909090909090909,NA,3,FALSE,3,FALSE,1,1,4.81666666666667,0,0,0.23836049235133,0.242736817615214,0.104041825317039,10,1,1,1,0.0909090909090909,NA,2,FALSE,2,FALSE,1,1,7.95642135642135,0,0,0.299447881265924,0.25950842619913,0.00051620909698221,6,1,1,1,0.246753246753247,NA,NA
"100",99,"1020720230001",4,FALSE,4,FALSE,2,2,1.5,0,0,0.235408785717087,0.316295991849601,0.408248290463863,5,1.77777777777778,1,-2,0.0194805194805195,NA,10,FALSE,10,FALSE,1,1,1.5,0,0,0.201665443486533,0.295348964899911,0.408248290463863,11,1,1,0,0.0194805194805195,NA,9,FALSE,9,FALSE,1,1,1.5,0,0,0.191603238501485,0.297551354829939,0.408248290463863,7,1,1,0,0.0194805194805195,NA,NA
"101",100,"1020720233001",4,FALSE,4,FALSE,4,4,2,1,1,0.591934028183889,1.24736273712674,0.816496580927726,5,1.62962962962963,0.597103337793891,-0.666666666666667,0.0194805194805195,NA,10,FALSE,10,FALSE,2,2,2,1,1,0.515605890869737,1.12119606315678,0.816496580927726,11,1.62962962962963,0.342903845993428,1.33333333333333,0.0194805194805195,NA,9,FALSE,9,FALSE,2,2,2,1,1,0.477339797243325,1.20075226138449,0.816496580927726,7,1.62962962962963,0.342903845993428,1.33333333333333,0.0194805194805195,NA,NA
"102",101,"1020720234001",4,FALSE,4,FALSE,2,2,1.5,0,0,0.235408785717087,0.316295991849601,0.408248290463863,5,1.77777777777778,1,-2,0.0194805194805195,NA,10,FALSE,10,FALSE,1,1,1.5,0,0,0.201665443486533,0.295348964899911,0.408248290463863,11,1,1,0,0.0194805194805195,NA,9,FALSE,9,FALSE,1,1,1.5,0,0,0.191603238501485,0.297551354829939,0.408248290463863,7,1,1,0,0.0194805194805195,NA,NA
"103",102,"1020720235001",1,TRUE,1,TRUE,2,2,20.4762630891491,61.904761904762,61.904761904762,0.272074310412217,0.281711500380907,8.79016102380176e-08,1,0.5,0,2,0.909090909090909,NA,1,TRUE,1,TRUE,2,2,13.7746392496392,76.5,76.5,0.585696308889076,0.354496734231835,0.0100939963472138,1,0.5,0,2,0.363636363636364,NA,12,FALSE,12,FALSE,0,0,0,0,0,NA,NA,NA,NA,1,NA,0,0.00649350649350649,NA,NA
"104",103,"1020720236001",1,TRUE,1,TRUE,3,3,20.4762630891491,123.809523809524,123.809523809524,0.441402379870395,0.373777479683271,1.7244941358253e-07,1,0.555555555555556,0.544514084996405,3,0.909090909090909,NA,1,TRUE,1,TRUE,2,2,13.7746392496392,76.5,76.5,0.585696308889076,0.354496734231835,0.0100939963472138,1,0.5,0,2,0.363636363636364,NA,3,FALSE,3,FALSE,1,1,4.16785714285714,0,0,0.204310632655546,0.305991925221078,0.000141600416548469,8,1,1,1,0.0974025974025974,NA,NA
"105",104,"1020720237001",1,TRUE,1,TRUE,5,5,19.923623363196,486.285714285714,486.285714285714,0.511398256337661,1.02546582867711,2.47263409031577e-08,1,0.393611111111111,0.276957759511872,4.2,0.909090909090909,NA,1,TRUE,1,TRUE,1,1,8.50740370740371,0,0,0.180683627876593,0.356264256545357,0.000280137539322073,1,1,1,1,0.363636363636364,NA,4,FALSE,4,FALSE,4,4,5.33333333333333,17,17,0.642377623558473,1.73305917547377,0.640894497253262,9,0.25,0,4,0.051948051948052,NA,NA
"106",105,"1020720238001",1,TRUE,1,TRUE,4,4,19.5069566965293,66.047619047619,66.047619047619,0.405291275068537,0.854347286518572,3.13857499838911e-08,1,0.421111111111111,0.0689009954780884,3,0.909090909090909,NA,1,TRUE,1,TRUE,3,3,12.3481601731602,106.5,106.5,0.603971845388016,1.16526980047111,0.0049516219830253,1,0.333333333333333,0,3,0.363636363636364,NA,4,FALSE,4,FALSE,1,1,3.41666666666667,0,0,0.219751935174677,0.206761587439703,0.297172769652497,9,1,1,1,0.051948051948052,NA,NA
"107",106,"1020720239001",1,TRUE,1,TRUE,3,3,16.8732731743561,274,274,0.312438654033196,0.556144371466224,2.77581433948263e-09,1,0.555555555555556,0.544514084996405,3,0.909090909090909,NA,11,FALSE,11,FALSE,1,1,1.5,0,0,0.175516387982343,0.346674722647473,0.327985277605682,12,1,1,1,0.0194805194805195,NA,4,FALSE,4,FALSE,2,2,4.33333333333333,10,10,0.383444298809616,0.564584441018671,0.409267186488467,9,0.5,0,2,0.051948051948052,NA,NA
"108",107,"1020720239002",1,TRUE,1,TRUE,3,3,16.7899398410227,0,0,0.325246233922254,0.541508580047846,8.63820333331425e-09,1,0.780277777777778,0.461043687419023,1.66666666666667,0.909090909090909,NA,1,TRUE,1,TRUE,2,2,10.3580197580198,54,54,0.368229043642698,0.693325387066763,0.00121062473083755,1,0.5,0,2,0.363636363636364,NA,4,FALSE,4,FALSE,1,1,3.41666666666667,0,0,0.219751935174677,0.206761587439703,0.297172769652497,9,1,1,1,0.051948051948052,NA,NA
"109",108,"1020720240001",1,TRUE,1,TRUE,4,4,14.87903991685,138,138,0.378440443748778,0.848596333521113,6.25206162743302e-10,1,0.694444444444444,0.528658405372254,3,0.909090909090909,NA,11,FALSE,11,FALSE,2,2,2,1,1,0.331934209170908,0.760682535681558,0.591009048506103,12,0.8125,0.109508359780509,1.5,0.0194805194805195,NA,4,FALSE,4,FALSE,2,2,3.75,6,6,0.313696337227798,0.847376143911557,0.241747233459495,9,0.5,0,2,0.051948051948052,NA,NA
"110",109,"1020720241001",1,TRUE,1,TRUE,2,2,12.8466209833633,0,0,0.295104146843031,0.590966544751174,1.49602254037123e-10,1,1.39506172839506,0.377113537746599,0,0.909090909090909,NA,11,FALSE,11,FALSE,1,1,1.5,0,0,0.354203174371603,0.701740878578704,0.736976229099578,12,1.5625,0.0573168107445078,0.5,0.0194805194805195,NA,4,FALSE,4,FALSE,1,1,2.78333333333333,0,0,0.163692363634939,0.357822853578968,0.11209441683597,9,1,1,1,0.051948051948052,NA,NA
"111",110,"1020720242001",1,TRUE,1,TRUE,4,4,20.6592137008159,3.22222222222222,3.22222222222222,0.50454132040102,0.70309978139873,1.40389488056374e-10,1,0.410915798611111,0.0510411766461942,2.5,0.909090909090909,TRUE,1,TRUE,1,TRUE,2,2,10.8476523476523,2.2,2.2,0.472015266495086,0.566535655873151,0.0112733537517908,1,0.5,0,2,0.363636363636364,TRUE,1,TRUE,1,TRUE,2,2,11.3179933198896,244,244,0.49351285081183,0.648345027249951,4.27350247104374e-07,1,0.5,0,2,0.428571428571429,NA,NA
"112",111,"1020720243001",1,TRUE,1,TRUE,4,4,19.8258803674825,68,68,0.485069711654655,0.746863229112286,1.17299143825299e-10,1,0.4267578125,0.305231774644583,3.5,0.909090909090909,TRUE,1,TRUE,1,TRUE,2,2,11.518759018759,25.2333333333333,25.2333333333333,0.456708786724684,0.645590462685052,0.0148899181484225,1,0.5,0,2,0.363636363636364,TRUE,1,TRUE,1,TRUE,2,2,10.190044673249,186,186,0.361527827355252,0.768911196931136,1.07168992676161e-07,1,0.5,0,2,0.428571428571429,NA,NA
"113",112,"1020720244001",1,TRUE,1,TRUE,5,5,21.8853987902362,76.2666666666667,76.2666666666667,0.733805627804636,0.836484395008407,5.26913413477161e-10,1,0.452436381960192,0.356189595753775,3.4,0.909090909090909,TRUE,1,TRUE,1,TRUE,3,3,13.5632034632035,44.6666666666666,44.6666666666666,0.762624973501466,0.943768055298841,0.0627417102582605,1,0.482253086419753,0.0245823294396058,2.33333333333333,0.363636363636364,TRUE,1,TRUE,1,TRUE,2,2,12.1774523249368,64,64,0.598014804156977,0.60584839239092,8.80472148799127e-07,1,0.5,0,2,0.428571428571429,NA,NA
"114",113,"1020720245001",1,TRUE,1,TRUE,4,4,19.8258803674825,3.06349206349206,3.06349206349206,0.528085946333818,0.72796277428868,2.18937061962741e-10,1,0.4267578125,0.305231774644583,3.5,0.909090909090909,TRUE,1,TRUE,1,TRUE,3,3,12.518759018759,38.1,38.1,0.698441586936312,0.972832375157626,0.0302296727488512,1,0.333333333333333,0,3,0.363636363636364,TRUE,1,TRUE,1,TRUE,1,1,9.70251712941341,0,0,0.212185454357632,0.399017600065329,2.07739349702481e-07,1,1,1,1,0.428571428571429,NA,NA
"115",114,"1020720247001",1,TRUE,1,TRUE,6,6,20.4925470341492,206,206,0.665215050233403,1.21147457216143,1.22912952399821e-10,1,0.30078125,0.293433929779923,5.66666666666667,0.909090909090909,TRUE,1,TRUE,1,TRUE,4,4,12.8520923520923,96.6000000000002,96.6000000000002,0.815211156819103,1.4392762246656,0.018488542183797,1,0.25,0,4,0.363636363636364,TRUE,1,TRUE,1,TRUE,2,2,8.38112392983843,64,64,0.305021603369591,0.817596072048043,6.71332899507492e-09,1,0.5,0,2,0.428571428571429,NA,NA
"116",115,"1020720248001",1,TRUE,1,TRUE,8,8,24.2187321235696,721.177777777777,721.177777777777,1.11015892183633,1.42337795434944,8.5465027676236e-10,1,0.332765209671832,0.285524128233382,5.75,0.909090909090909,TRUE,1,TRUE,1,TRUE,4,4,14.5965367965368,250.8,250.8,0.968539472193992,1.24370088778638,0.0566235841462846,1,0.25,0,4,0.363636363636364,TRUE,1,TRUE,1,TRUE,4,4,13.2012618487464,300,300,1.23988594361844,1.32042980135697,1.70409108347134e-06,1,0.529513888888889,0.318341945678293,3,0.428571428571429,NA,NA
"117",116,"1020720301001",1,TRUE,1,TRUE,7,7,24.715819513304,2206.88095238096,2206.88095238096,1.11887741386835,1.00422325745111,2.0607736099217e-09,1,0.436823034769463,0.429466908425787,4,0.909090909090909,TRUE,1,TRUE,1,TRUE,4,4,16.1428571428571,538.066666666667,538.066666666667,1.22909541693714,0.989452966518446,0.181092778771122,1,0.363823784722222,0.0197921110308008,3.25,0.363636363636364,TRUE,1,TRUE,1,TRUE,3,3,12.367928515413,0,0,1.09496082765425,0.725832458613601,1.63558735676857e-06,1,0.771604938271605,0.426687770601977,1.66666666666667,0.428571428571429,NA,NA
"118",117,"1020720302001",1,TRUE,1,TRUE,9,9,25.1786460271754,4661.05555555556,4661.05555555556,1.29871058994241,1.60294077907127,1.21616914733464e-09,1,0.326501935136194,0.241305885725573,5.66666666666667,0.909090909090909,TRUE,1,TRUE,1,TRUE,3,3,13.6465367965368,156,156,0.726468572588135,0.995867835613935,0.0598181684679604,1,0.482253086419753,0.0245823294396058,2.33333333333333,0.363636363636364,TRUE,1,TRUE,1,TRUE,6,6,16.0318828230593,773,773,2.00193075985903,1.93948421459274,3.52401010226526e-06,1,0.320771604938272,0.039978334983894,4.5,0.428571428571429,NA,NA
"119",118,"1020720303001",1,TRUE,1,TRUE,4,4,23.5491528466374,2539.88095238095,2539.88095238095,0.639433353464246,0.520527104509202,4.36393589687147e-09,1,0.586010330057949,0.393400148937291,1,0.909090909090909,TRUE,1,TRUE,1,TRUE,1,1,12.5261904761905,0,0,0.494427703236426,0.0777439550385458,0.139629876933991,1,1,1,0,0.363636363636364,NA,1,TRUE,1,TRUE,3,3,13.3441189916035,247,247,0.805808397248307,0.90283744686295,9.43028119055526e-07,1,0.333333333333333,0,3,0.428571428571429,NA,NA
"120",119,"1020720303002",1,TRUE,1,TRUE,1,1,19.2840728672772,0,0,0.138290279312565,0.147436701378059,1.292824562374e-09,1,1,1,1,0.909090909090909,NA,27,FALSE,27,FALSE,0,0,0,0,0,NA,NA,NA,NA,1,NA,0,0.00649350649350649,NA,1,TRUE,1,TRUE,1,1,9.11901292721726,0,0,0.201748795750738,0.288349526082585,5.90735989910539e-08,1,1,1,1,0.428571428571429,NA,NA
"121",120,"1020720304001",1,TRUE,1,TRUE,7,7,24.8153293172256,994.166666666667,994.166666666667,0.848797746885754,1.38101464254904,1.20985700548179e-08,1,0.463750314940791,0.370045909528106,3.42857142857143,0.909090909090909,TRUE,1,TRUE,1,TRUE,4,4,14.8988095238095,0.333333333333333,0.333333333333333,1.6418461199753,0.860588819375174,0.435138843312074,1,0.740017361111111,0.38953174110266,0.75,0.363636363636364,NA,1,TRUE,1,TRUE,3,3,11.5525171294134,127,127,0.536823926637041,1.25470324292438,2.5037460929727e-07,1,0.333333333333333,0,3,0.428571428571429,NA,NA
"122",121,"1020720305001",1,TRUE,1,TRUE,2,2,20.3840728672772,0,0,0.301687943931364,0.269156490250506,2.76340174426151e-09,1,0.861237087427564,0.0127483151214953,-0.5,0.909090909090909,TRUE,1,TRUE,1,TRUE,1,1,12.5261904761905,0,0,0.494427703236426,0.0777439550385458,0.139629876933991,1,1,1,0,0.363636363636364,NA,1,TRUE,1,TRUE,1,1,9.11901292721726,0,0,0.201748795750738,0.288349526082585,5.90735989910539e-08,1,1,1,1,0.428571428571429,NA,NA
"123",122,"1020720306001",1,TRUE,1,TRUE,3,3,24.6665376247419,2378.5,2378.5,0.466605048279917,0.380640343339562,3.64576540125761e-08,1,0.493883149967806,0.0319691780872341,1.33333333333333,0.909090909090909,TRUE,1,TRUE,1,TRUE,3,3,16.8702380952381,314.5,314.5,1.21665567493076,0.554850159700768,0.292750146916041,1,0.578125,0.0693336099532601,1.33333333333333,0.363636363636364,NA,13,FALSE,13,FALSE,0,0,0,0,0,NA,NA,NA,NA,1,NA,0,0.00649350649350649,NA,NA
"124",123,"1020720307001",1,TRUE,1,TRUE,8,8,25.5819959838923,3918.61904761904,3918.61904761904,1.16207919682692,1.70190156643624,1.37620230325522e-08,1,0.541963138707701,0.28966557077305,3.88888888888889,0.909090909090909,TRUE,1,TRUE,1,TRUE,7,7,17.4654761904762,627.333333333333,627.333333333333,2.57197601779821,2.64965960941841,0.603415674276057,1,0.665093315972222,0.363453088553342,4.5,0.363636363636364,NA,1,TRUE,1,TRUE,1,1,10.2191837960801,0,0,0.247626534461241,0.348363425829976,2.22498858678969e-07,1,1,1,1,0.428571428571429,NA,NA
"125",124,"1020720309001",1,TRUE,1,TRUE,3,3,24.6665376247419,2378.5,2378.5,0.583645143173295,0.591362326855464,4.08195326273287e-08,1,0.565653344671202,0.0152055541594199,1,0.909090909090909,TRUE,1,TRUE,1,TRUE,3,3,16.8702380952381,314.5,314.5,1.56817356285566,0.883972306804843,0.38088709983818,1,0.658637152777778,0.0326665828598904,1,0.363636363636364,NA,14,FALSE,14,FALSE,0,0,0,0,0,NA,NA,NA,NA,1,NA,0,0.00649350649350649,NA,NA
"126",125,"1020720310001",1,TRUE,1,TRUE,1,1,18.4294869440596,0,0,0.10576728743755,0.224112752412253,2.98238969469935e-06,1,1,1,1,0.909090909090909,NA,1,TRUE,1,TRUE,1,1,11.3969696969697,0,0,0.25055652118024,0.351721934591989,0.00117236315884378,1,1,1,1,0.363636363636364,NA,15,FALSE,15,FALSE,0,0,0,0,0,NA,NA,NA,NA,1,NA,0,0.00649350649350649,NA,NA
"127",126,"1020720311001",1,TRUE,1,TRUE,9,9,25.8727479624293,3910.8,3910.8,1.12938826574412,1.90471277000162,2.85488744136962e-05,1,0.241575333837239,0.263415751562074,8,0.909090909090909,NA,1,TRUE,1,TRUE,5,5,17.7063492063492,524,524,1.25547809198975,1.84670439673632,0.0136518032731726,1,0.2,0,5,0.363636363636364,NA,2,FALSE,2,FALSE,4,4,9.35198412698413,71,71,0.721438280306245,1.70080810234288,8.40244873984391e-05,6,0.376736111111111,0.0449443154309887,3.5,0.246753246753247,NA,NA
"128",127,"1020720312001",1,TRUE,1,TRUE,3,3,23.0151797280657,599.714285714287,599.714285714287,0.442986869856703,0.424276848040823,2.79099363528091e-05,1,0.373456790123457,0.0101855700845276,2.33333333333333,0.909090909090909,NA,1,TRUE,1,TRUE,3,3,15.0651154401154,127.333333333333,127.333333333333,0.859018158996674,0.7252307808145,0.005066410724723,1,0.36734693877551,0.00759370449692786,2.66666666666667,0.363636363636364,NA,16,FALSE,16,FALSE,0,0,0,0,0,NA,NA,NA,NA,1,NA,0,0.00649350649350649,NA,NA
"129",128,"1020720316001",1,TRUE,1,TRUE,3,3,21.316767029653,50.5,50.5,0.445546783873599,0.424154904556925,1.22323305874285e-05,1,0.555555555555556,0.544514084996405,3,0.909090909090909,NA,1,TRUE,1,TRUE,2,2,13.8984487734488,22,22,0.561678639503624,0.53062150857681,0.00408570196588055,1,0.5,0,2,0.363636363636364,NA,2,FALSE,2,FALSE,1,1,6.9523088023088,0,0,0.233236446545584,0.212262300186688,2.00490989935465e-05,6,1,1,1,0.246753246753247,NA,NA
"130",129,"1020720317001",1,TRUE,1,TRUE,4,4,21.1278996424723,32.2,32.2,0.67038077256715,0.56015281877482,5.7375409643178e-05,1,0.602324263038549,0.430927348985125,0,0.909090909090909,NA,1,TRUE,1,TRUE,3,3,13.6469696969697,6,6,0.887972638336472,0.817666156855805,0.00400470879120687,1,0.471797052154195,0.0341637372440841,2,0.363636363636364,NA,2,FALSE,2,FALSE,1,1,8.18928571428571,0,0,0.291223787240547,0.191746160179385,0.000197488190435097,6,1,1,0,0.246753246753247,NA,NA
"131",130,"1020720318001",1,TRUE,1,TRUE,10,10,23.8691694837421,3383,3383,1.66206001081771,2.23923126687454,0.000229656785395717,1,0.561724458301839,0.508808237592794,4.66666666666667,0.909090909090909,NA,1,TRUE,1,TRUE,6,6,15.6469696969697,214,214,1.82503933699919,2.2947386444561,0.00707051478340453,1,0.499959507612569,0.312223166265408,4.85714285714286,0.363636363636364,NA,2,FALSE,2,FALSE,4,4,11.222619047619,221,221,1.06142221537798,1.82109570181839,0.000827660333969298,6,0.828444444444444,0.393138780479614,3.2,0.246753246753247,NA,NA
"132",131,"1020720318002",1,TRUE,1,TRUE,3,3,22.348513061399,923.428571428571,923.428571428571,0.525023154848089,0.289588144974601,3.06419103563183e-05,1,0.595679012345679,0.484291011930421,2.33333333333333,0.909090909090909,NA,1,TRUE,1,TRUE,2,2,14.3984487734488,73.3333333333333,73.3333333333333,0.695087387590544,0.320332964884452,0.00479512688081607,1,0.576530612244898,0.0127483151214956,1.5,0.363636363636364,NA,2,FALSE,2,FALSE,1,1,6.9523088023088,0,0,0.233236446545584,0.212262300186688,2.00490989935465e-05,6,1,1,1,0.246753246753247,NA,NA
"133",132,"1020720320001",1,TRUE,1,TRUE,2,2,18.4247217258046,0,0,0.406935477624612,0.157312909039027,4.90811603023546e-05,1,1.36111111111111,1,-2,0.909090909090909,NA,1,TRUE,1,TRUE,1,1,11.1861943611944,0,0,0.388087474064048,0.128273508242172,0.00163611114386644,1,1,1,0,0.363636363636364,NA,2,FALSE,2,FALSE,1,1,8.18928571428571,0,0,0.291223787240547,0.191746160179385,0.000197488190435097,6,1,1,0,0.246753246753247,NA,NA
"134",133,"1020720321001",1,TRUE,1,TRUE,7,7,23.348513061399,1930.35714285714,1930.35714285714,1.08815133860055,0.990704874870798,6.53872949123554e-05,1,0.478898966994205,0.3428281791041,3,0.909090909090909,NA,1,TRUE,1,TRUE,4,4,15.5651154401154,149.333333333333,149.333333333333,1.14773302918572,1.01853621099422,0.00615028031701056,1,0.420953798185941,0.0386969283954998,3,0.363636363636364,NA,2,FALSE,2,FALSE,3,3,10.022619047619,132,132,0.713993450287246,0.807979748181992,0.000235743206577588,6,0.583611111111111,0.018216940690464,2,0.246753246753247,NA,NA
"135",134,"1020720322001",1,TRUE,1,TRUE,3,3,21.316767029653,0,0,0.593557942055903,0.667519144624243,1.90618300462902e-05,1,0.903925343285462,0.257028249291851,-0.75,0.909090909090909,NA,1,TRUE,1,TRUE,1,1,11.5636363636364,0,0,0.489627329873313,0.669605684709919,0.00185163687352063,1,1.328125,0.0169394451983975,0.5,0.363636363636364,NA,2,FALSE,2,FALSE,2,2,8.35198412698413,0,0,0.465203109874391,0.576804566025067,7.62998305597856e-05,6,0.835069444444444,0.00299832584291726,1,0.246753246753247,NA,NA
"136",135,"1020720323001",1,TRUE,1,TRUE,6,6,26.8262743504532,4470,4470,1.04746321464025,0.719066131357578,3.67255092851761e-06,1,0.390902777777778,0.322209975221582,3.33333333333333,0.909090909090909,NA,1,TRUE,1,TRUE,3,3,18.6325396825397,685.5,685.5,1.0505067477824,0.412652687380573,0.0388992525649309,1,0.333333333333333,0,3,0.363636363636364,NA,3,FALSE,3,FALSE,3,3,6.18333333333333,24,24,0.778851809110842,0.74621900791569,0.00357673526862759,8,0.555555555555556,0.544514084996405,3,0.0974025974025974,NA,NA
"137",136,"1020720324001",1,TRUE,1,TRUE,8,8,25.2597519839309,546.6,546.6,1.25901458289362,1.30431926611546,1.30048316911603e-06,1,0.463472222222222,0.349729546988028,4.5,0.909090909090909,NA,1,TRUE,1,TRUE,4,4,16.6515873015873,148.5,148.5,1.28302576390201,0.900247278349606,0.0612604512069495,1,0.529513888888889,0.318341945678293,3,0.363636363636364,NA,3,FALSE,3,FALSE,4,4,6.36666666666667,33.6666666666667,33.6666666666667,0.888749428567751,1.47402087261083,0.00245482452077087,8,0.375,0.374185416306089,4,0.0974025974025974,NA,NA
"138",137,"1020720325001",1,TRUE,1,TRUE,5,5,22.0824515066304,0,0,0.888523816107564,0.675117622911727,6.76304573990517e-07,1,0.635225,0.595759583049656,2.6,0.909090909090909,NA,1,TRUE,1,TRUE,3,3,15.2349206349206,0,0,0.993900160829519,0.808780959804061,0.0551432748681521,1,0.771604938271605,0.426687770601977,1.66666666666667,0.363636363636364,NA,3,FALSE,3,FALSE,2,2,6.18333333333333,12,12,0.517078930235718,0.495276090796426,0.00301847851529896,8,0.5,0,2,0.0974025974025974,NA,NA
"139",138,"1020720326001",1,TRUE,1,TRUE,2,2,17.2069566965293,0,0,0.241369872327002,0.385681993231977,3.84596022906749e-08,1,1,1,2,0.909090909090909,NA,1,TRUE,1,TRUE,1,1,10.5481601731602,0,0,0.257504452358465,0.37925715654884,0.0043754981499312,1,1,1,1,0.363636363636364,NA,4,FALSE,4,FALSE,1,1,2.95,0,0,0.171450523811351,0.392832693122739,0.175534949526209,9,1,1,1,0.051948051948052,NA,NA
"140",139,"1020720327001",1,TRUE,1,TRUE,10,10,27.4490712602857,4762.9238095238,4762.9238095238,1.46297394404773,1.88327624643651,1.21378752379376e-06,1,0.279209027777778,0.275305510649194,8,0.909090909090909,NA,1,TRUE,1,TRUE,6,6,19.9797619047619,815.5,815.5,1.71243729566997,2.10581167465401,0.115782798176528,1,0.250771604938272,0.0602291874538445,5.33333333333333,0.363636363636364,NA,3,FALSE,3,FALSE,4,4,7.41666666666667,51.3333333333333,51.3333333333333,0.850833955302887,1.51277427220336,0.0108183424057788,8,0.25,0,4,0.0974025974025974,NA,NA
"141",140,"1020720328001",1,TRUE,1,TRUE,10,10,25.1274016420829,1422.66666666667,1422.66666666667,1.23607677977544,2.07191175846081,7.91219140661894e-07,1,0.206944444444444,0.265171194537358,9.2,0.909090909090909,NA,1,TRUE,1,TRUE,7,7,17.8230158730159,400.5,400.5,1.70817965219175,2.73620598958296,0.038669956333437,1,0.183673469387755,0.187478542655527,7,0.363636363636364,NA,3,FALSE,3,FALSE,3,3,5.82857142857143,25,25,0.551844160044372,1.15126459215467,0.000622660044187807,8,0.333333333333333,0,3,0.0974025974025974,NA,NA
"142",141,"1020720329001",1,TRUE,1,TRUE,5,5,21.4429297558157,732.285714285716,732.285714285716,0.629124238028548,0.814475225074812,1.79957208912437e-07,1,0.36,0.400434825380728,5,0.909090909090909,NA,1,TRUE,1,TRUE,3,3,13.3913059163059,54,54,0.907820617794001,0.531822628005502,0.0189088769854214,1,0.555555555555556,0.544514084996405,3,0.363636363636364,NA,4,FALSE,4,FALSE,2,2,4.08333333333333,6,6,0.359182986452986,0.642110945134208,0.378565584452873,9,0.5,0,2,0.051948051948052,NA,NA
"143",142,"1020720330001",1,TRUE,1,TRUE,2,2,19.2262630891491,0,0,0.338656138916357,0.184131958604728,1.69095606676796e-07,1,1,1,2,0.909090909090909,NA,1,TRUE,1,TRUE,1,1,12.7246392496392,0,0,0.371450340043342,0.0654224796881949,0.00894819520616299,1,1,1,1,0.363636363636364,NA,3,FALSE,3,FALSE,1,1,4.16785714285714,0,0,0.204310632655546,0.305991925221078,0.000141600416548555,8,1,1,1,0.0974025974025974,NA,NA
"144",143,"1020720331001",1,TRUE,1,TRUE,2,2,22.6574515066304,93.3333333333333,93.3333333333333,0.468175914226714,0.098997431511267,1.49885956889941e-07,1,0.5,0,2,0.909090909090909,NA,1,TRUE,1,TRUE,2,2,15.9111111111111,65,65,0.833040013505432,0.0408885989266862,0.059240300084208,1,0.5,0,2,0.363636363636364,NA,17,FALSE,17,FALSE,0,0,0,0,0,NA,NA,NA,NA,1,NA,0,0.00649350649350649,NA,NA
"145",144,"1020720331002",1,TRUE,1,TRUE,1,1,18.1062200459013,0,0,0.280663574588012,-0.00818640581851115,2.01834969687717e-08,1,1,1,1,0.909090909090909,NA,1,TRUE,1,TRUE,1,1,12.0884920634921,0,0,0.460983519292873,-0.114282152123411,0.0324482584623897,1,1,1,1,0.363636363636364,NA,18,FALSE,18,FALSE,0,0,0,0,0,NA,NA,NA,NA,1,NA,0,0.00649350649350649,NA,NA
"146",145,"1020720332001",1,TRUE,1,TRUE,4,4,23.324118173297,210.761904761905,210.761904761905,0.762918554474466,0.428493550001201,2.9010193724823e-07,1,0.375,0.374185416306089,4,0.909090909090909,NA,1,TRUE,1,TRUE,2,2,15.9111111111111,65,65,0.833040013505432,0.0408885989266862,0.059240300084208,1,0.5,0,2,0.363636363636364,NA,3,FALSE,3,FALSE,2,2,5.66666666666667,3.5,3.5,0.435325635858222,0.623911637001817,0.00457936376816181,8,0.5,0,2,0.0974025974025974,NA,NA
"147",146,"1020720334001",1,TRUE,1,TRUE,9,9,26.9913842865081,4978.2380952381,4978.2380952381,1.1810382511382,1.82962210621419,3.15319100546148e-07,1,0.19212962962963,0.257651502626064,8.88888888888889,0.909090909090909,TRUE,1,TRUE,1,TRUE,6,6,19.4880952380952,779.333333333333,779.333333333333,1.62930751473939,2.17967469390878,0.22657606316335,1,0.182291666666667,0.00929068636463358,5.83333333333333,0.363636363636364,NA,3,FALSE,3,FALSE,3,3,6.98333333333333,48.5,48.5,0.673069195734816,1.04635800338404,0.036396960192048,8,0.333333333333333,0,3,0.0974025974025974,NA,NA
"148",147,"1020720335001",1,TRUE,1,TRUE,3,3,21.7298238410383,25,25,0.461241852685864,0.446742518502114,9.83881105330321e-08,1,0.555555555555556,0.544514084996405,3,0.909090909090909,NA,1,TRUE,1,TRUE,1,1,13.7833333333333,0,0,0.360221434852841,0.144654986331575,0.052429509481408,1,1,1,1,0.363636363636364,NA,3,FALSE,3,FALSE,2,2,5.53333333333333,3,3,0.409424003493491,0.719821444513759,0.00931851111300897,8,0.5,0,2,0.0974025974025974,NA,NA
"149",148,"1020720336001",1,TRUE,1,TRUE,1,1,20.5631571743716,0,0,0.164917104348553,0.111483853089056,3.36942522817251e-08,1,1,1,1,0.909090909090909,NA,1,TRUE,1,TRUE,1,1,13.7833333333333,0,0,0.360221434852841,0.144654986331575,0.052429509481408,1,1,1,1,0.363636363636364,NA,19,FALSE,19,FALSE,0,0,0,0,0,NA,NA,NA,NA,1,NA,0,0.00649350649350649,NA,NA
"150",149,"1020720339001",1,TRUE,1,TRUE,3,3,18.6062200459013,0,0,0.783604507834494,0.173052868569531,5.37485449276281e-08,1,0.955679012345679,0.466088137202289,-2.33333333333333,0.909090909090909,NA,1,TRUE,1,TRUE,1,1,12.0884920634921,0,0,0.460983519292873,-0.114282152123411,0.0324482584623897,1,1,1,1,0.363636363636364,NA,3,FALSE,3,FALSE,2,2,4.99285714285714,0,0,1.01551883961149,0.398553365317925,0.258295461124887,8,0.934444444444444,0.00171511176715823,0,0.0974025974025974,NA,NA
"151",150,"1020720340001",1,TRUE,1,TRUE,7,7,18.6062200459013,0,0,1.78948637432746,0.535531417345617,1.20878640844257e-07,1,0.95485260770975,0.66618991346534,-6.71428571428571,0.909090909090909,NA,1,TRUE,1,TRUE,3,3,12.5884920634921,0,0,1.22456605247716,0.198191416038008,0.0844346155978794,1,1.02194787379973,0.512624505185804,0.333333333333333,0.363636363636364,NA,3,FALSE,3,FALSE,4,4,4.99285714285714,0,0,2.03103767922298,0.797106730635849,0.516590922249773,8,0.934444444444444,0.500857555883579,0,0.0974025974025974,NA,NA
"152",151,"1020720341001",1,TRUE,1,TRUE,8,8,19.1062200459013,0.272727272727273,0.272727272727273,1.89676007641096,0.857090386458817,1.25227845897213e-07,1,0.931335034013606,0.642413230666425,-6,0.909090909090909,NA,1,TRUE,1,TRUE,3,3,12.5884920634921,0,0,1.22456605247716,0.198191416038008,0.0844346155978794,1,1.02194787379973,0.512624505185804,0.333333333333333,0.363636363636364,NA,3,FALSE,3,FALSE,5,5,5.49285714285714,0.5,0.5,2.24234982687052,1.45636548341092,0.556966597814318,8,0.845555555555556,0.446470381665969,1,0.0974025974025974,NA,NA
"153",152,"1020720342001",1,TRUE,1,TRUE,15,15,23.6333617075406,546.203463203463,546.203463203463,2.62528350327863,3.32282706436201,1.88882129172432e-07,1,0.37429579239103,0.551406212455539,7.53333333333333,0.909090909090909,NA,1,TRUE,1,TRUE,9,9,17.0194444444444,211.5,211.5,2.3370631542352,3.99845624289008,0.14022634832245,1,0.237311385459534,0.315196762518219,8.11111111111111,0.363636363636364,NA,3,FALSE,3,FALSE,6,6,6.56904761904762,33.5,33.5,2.41962247422624,2.09752193404306,0.578837004730035,8,0.640277777777778,0.414840992814637,2.66666666666667,0.0974025974025974,NA,NA
"154",153,"1020720343001",1,TRUE,1,TRUE,4,4,22.5631571743717,375,375,0.89116135787313,0.206594894541091,1.0775549847748e-07,1,0.5,0.5,4,0.909090909090909,NA,1,TRUE,1,TRUE,2,2,15.7833333333333,110,110,0.821204954145713,0.0303728342081637,0.0848777679437978,1,0.5,0,2,0.363636363636364,NA,3,FALSE,3,FALSE,2,2,6.28333333333333,40,40,0.747863808839311,0.468483856082981,0.13991163640726,8,0.5,0,2,0.0974025974025974,NA,NA
